"bandwidth_m","cv_score"
200,-275.040000568582
400,-188.145589546806
600,-150.026254408578
800,-121.205508918618
1000,-105.008995485658
1200,-91.9122001663029
1400,-82.6295157293521
1600,-74.8697775844333
1800,-68.0723031678963
2000,-62.2318139079904
2200,-55.0424716525327
2400,-52.4303115186093
2600,-48.8697588681763
2800,-44.1623759803123
3000,-42.8736475739259
3200,-40.4523514259702
3400,-38.2153129003451
3600,-37.49924848537
3800,-36.2148807337476
4000,-35.6918643078788
4200,-34.223437889697
4400,-33.3169930005326
4600,-32.2186425852872
4800,-31.6898725156668
5000,-31.1613285867552
5200,-31.0126005826235
5400,-30.6753954864491
5600,-30.5268299464217
5800,-30.5653010894894
6000,-30.6050518407832
6200,-30.6442827874845
6400,-30.6828855279019
6600,-30.1520829083307
6800,-30.1869976077531
7000,-30.2226313429884
7200,-30.0681829395275
7400,-30.1024921338364
7600,-30.1364287409174
7800,-30.1698825475007
8000,-30.2028175054343
